Date,Name,Year,Letterboxd URI,Rating,Rewatch,Tags,Watched Date
2025-07-26,Kingsman: The Golden Circle,2017,https://boxd.it/atfWuf,,,theater,2017-09-22
2024-01-20,Tag,2018,https://boxd.it/5Dy6Ft,,,theater,2018-07-03
2024-01-20,Tag,2018,https://boxd.it/5Dy7cn,,Yes,theater,2018-07-03
2024-01-20,Ant-Man and the Wasp,2018,https://boxd.it/5Dy8VN,,,theater,2018-07-17
2024-01-20,The First Purge,2018,https://boxd.it/5DybTZ,,,theater,2018-07-24
2024-01-20,Christopher Robin,2018,https://boxd.it/5DycEh,,,theater,2018-08-21
2024-01-20,Aladdin,2019,https://boxd.it/5DyeqL,,,theater,2019-05-28
2024-01-20,Men in Black: International,2019,https://boxd.it/5Dyff5,,,theater,2019-06-18
2024-01-20,Once Upon a Time... in Hollywood,2019,https://boxd.it/5Dyh99,5,,theater,2019-07-30
2024-01-20,Once Upon a Time... in Hollywood,2019,https://boxd.it/5Dyi2t,5,Yes,theater,2019-08-13
2024-01-20,Good Boys,2019,https://boxd.it/5DyjmT,,,theater,2019-08-16
2024-01-20,Zombieland: Double Tap,2019,https://boxd.it/5Dykff,,,,2019-11-02
2020-02-22,50/50,2011,https://boxd.it/103Q2R,4.5,,,2020-02-21
2020-02-22,Zack and Miri Make a Porno,2008,https://boxd.it/104uDN,2,,,2020-02-22
2020-02-23,To All the Boys I've Loved Before,2018,https://boxd.it/109IW5,4,,,2020-02-22
2020-02-26,Yes Man,2008,https://boxd.it/10oUIJ,3,,,2020-02-25
2020-02-26,Benchwarmers 2: Breaking Balls,2019,https://boxd.it/10pcnz,0.5,,,2020-02-25
2020-02-29,Back to the Future Part III,1990,https://boxd.it/10Cxp3,3,Yes,,2020-02-28
2020-02-29,She's Out of My League,2010,https://boxd.it/10CUrr,3.5,,,2020-02-28
2020-03-03,The Interview,2014,https://boxd.it/10U8DF,2,,,2020-03-02
2020-03-03,To All the Boys: P.S. I Still Love You,2020,https://boxd.it/10U8Kh,4,,,2020-03-02
2020-03-07,The Great Gatsby,2013,https://boxd.it/11bwFJ,4,Yes,,2020-03-06
2020-03-07,Zathura: A Space Adventure,2005,https://boxd.it/11bwJL,3,,,2020-03-06
2020-03-22,Ford v Ferrari,2019,https://boxd.it/12t0sN,4,,,2020-03-21
2020-03-29,Shutter Island,2010,https://boxd.it/13h9qL,5,,,2020-03-28
2020-03-30,Kill Bill: Vol. 1,2003,https://boxd.it/13pH6V,5,,,2020-03-29
2020-03-30,Iron Man 2,2010,https://boxd.it/13rCbP,4.5,,,2020-03-30
2020-03-31,The Incredible Hulk,2008,https://boxd.it/13yLXx,2.5,,,2020-03-31
2020-04-01,The Greatest Showman,2017,https://boxd.it/13CGwp,3.5,,,2020-03-31
2020-04-01,Thor,2011,https://boxd.it/13DFs9,3.5,,,2020-03-31
2020-04-02,Captain America: The First Avenger,2011,https://boxd.it/13MgER,4,,,2020-04-02
2020-04-05,The Avengers,2012,https://boxd.it/14a6jd,5,,,2020-04-05
2020-04-08,Iron Man 3,2013,https://boxd.it/14vrGT,3.5,,,2020-04-07
2020-04-08,Thor: The Dark World,2013,https://boxd.it/14weUZ,3.5,,,2020-04-08
2020-04-09,Captain America: The Winter Soldier,2014,https://boxd.it/14Db1V,4.5,,,2020-04-09
2020-04-10,The Social Network,2010,https://boxd.it/14Kdgx,5,,,2020-04-10
2020-04-11,Guardians of the Galaxy,2014,https://boxd.it/14TrgT,4,,,2020-04-11
2020-04-12,Avengers: Age of Ultron,2015,https://boxd.it/14ZVVf,4,,,2020-04-11
2020-04-12,The Hangover,2009,https://boxd.it/151Crz,3,,,2020-04-12
2020-04-15,Good Boys,2019,https://boxd.it/15pJEj,3,,,2020-04-14
2020-04-15,Ant-Man,2015,https://boxd.it/15qwyz,3,,,2020-04-14
2020-04-19,21,2008,https://boxd.it/15U1Cl,4.5,,,2020-04-18
2020-04-20,Captain America: Civil War,2016,https://boxd.it/162Oyj,5,,,2020-04-19
2020-04-22,Avengers: Age of Ultron,2015,https://boxd.it/16gjSP,4.5,Yes,,2020-04-21
2020-04-24,Ferris Bueller's Day Off,1986,https://boxd.it/16wD9x,4,Yes,,2020-04-23
2020-04-28,Captain America: Civil War,2016,https://boxd.it/1719zR,5,Yes,,2020-04-27
2020-05-03,Groundhog Day,1993,https://boxd.it/17Ehpt,3,,,2020-05-02
2020-05-03,The Avengers,2012,https://boxd.it/17GyR9,5,Yes,,2020-05-03
2020-05-05,Zombieland: Double Tap,2019,https://boxd.it/17Uz9F,2.5,Yes,,2020-05-04
2020-05-10,Doctor Strange,2016,https://boxd.it/18u99B,4,,,2020-05-09
2020-05-10,The Last Dance,2020,https://boxd.it/18ua3J,,,,2020-05-09
2020-05-12,Guardians of the Galaxy Vol. 2,2017,https://boxd.it/18IMC1,4,,,2020-05-11
2020-05-14,Spider-Man: Homecoming,2017,https://boxd.it/18XxoD,4,,,2020-05-13
2020-05-15,Thor: Ragnarok,2017,https://boxd.it/192T0t,4.5,,,2020-05-14
2020-05-16,Molly's Game,2017,https://boxd.it/19ca7T,4.5,,,2020-05-16
2020-05-17,Black Panther,2018,https://boxd.it/19fz7b,4,Yes,,2020-05-16
2020-05-18,Silver Linings Playbook,2012,https://boxd.it/19nJX3,5,,,2020-05-17
2020-05-19,Avengers: Infinity War,2018,https://boxd.it/19x7Zv,5,,,2020-05-18
2020-05-19,Soul Surfer,2011,https://boxd.it/19yAuj,3,,,2020-05-18
2020-05-22,Crazy Rich Asians,2018,https://boxd.it/19SajT,4,,,2020-05-21
2020-05-23,Escape Room,2019,https://boxd.it/19XJfH,2.5,Yes,,2020-05-22
2020-05-23,Captain Marvel,2019,https://boxd.it/19Zojd,3,,,2020-05-22
2020-05-23,The Last Dance,2020,https://boxd.it/19Zp8F,5,,,2020-05-22
2020-05-24,Midsommar,2019,https://boxd.it/1a48Ux,2.5,,a24,2020-05-23
2020-05-29,Ant-Man and the Wasp,2018,https://boxd.it/1aFV3B,3,Yes,,2020-05-28
2020-06-02,Avengers: Endgame,2019,https://boxd.it/1b7GFL,5,,,2020-06-01
2020-06-04,High School Musical 2,2007,https://boxd.it/1bjKtD,3,Yes,,2020-06-03
2020-06-05,High School Musical 3: Senior Year,2008,https://boxd.it/1bqoO9,2,,,2020-06-04
2020-06-07,Fahrenheit 451,2018,https://boxd.it/1bDB8r,1.5,,,2020-06-06
2020-06-08,The Hateful Eight,2015,https://boxd.it/1bLnJz,5,,,2020-06-07
2020-06-15,Long Gone Summer,2020,https://boxd.it/1cwfR5,4.5,,"documentary, 30 for 30",2020-06-14
2020-06-25,Knives Out,2019,https://boxd.it/1duq8v,3.5,Yes,,2020-06-24
2020-06-25,Catch Me If You Can,2002,https://boxd.it/1duUtD,5,Yes,,2020-06-24
2020-07-27,The Kissing Booth 2,2020,https://boxd.it/1gNFmH,2.5,,,2020-07-26
2020-08-01,Uncut Gems,2019,https://boxd.it/1hjdB9,5,,,2020-07-31
2020-08-06,Caddyshack,1980,https://boxd.it/1hQtMN,4,,,2020-08-05
2020-08-07,Step Brothers,2008,https://boxd.it/1hSG8v,5,,,2020-08-06
2020-08-07,Harry Potter and the Deathly Hallows: Part 2,2011,https://boxd.it/1hU9u3,4,,,2020-08-06
2020-08-11,The Last Song,2010,https://boxd.it/1il6zj,3.5,,,2020-08-10
2020-08-11,National Treasure,2004,https://boxd.it/1ila6Z,4.5,,,2020-08-10
2020-08-11,Spider-Man: Far From Home,2019,https://boxd.it/1iovwP,4.5,,,2020-08-11
2020-08-22,There Will Be Blood,2007,https://boxd.it/1jtrUd,,,,2020-08-21
2020-08-25,Rain Man,1988,https://boxd.it/1jPcEX,4,,,2020-08-24
2020-08-28,Zodiac,2007,https://boxd.it/1k8aj7,4.5,,,2020-08-27
2020-08-31,Black Panther,2018,https://boxd.it/1kpyyJ,4.5,Yes,,2020-08-30
2020-09-05,Django Unchained,2012,https://boxd.it/1kWzZd,5,,,2020-09-04
2020-09-12,Due Date,2010,https://boxd.it/1lI3ON,3,,,2020-09-11
2020-09-20,Tenet,2020,https://boxd.it/1mxtA5,2.5,,"theater, with dad",2020-09-19
2020-09-22,Limitless,2011,https://boxd.it/1mL2e5,5,Yes,,2020-09-21
2020-10-02,The Report,2019,https://boxd.it/1nLuW9,3.5,,,2020-10-01
2020-10-04,Whiplash,2014,https://boxd.it/1nYykJ,5,,,2020-10-03
2020-10-11,The F**k-It List,2020,https://boxd.it/1oKZRV,1,,,2020-10-10
2020-10-15,Saving Mr. Banks,2013,https://boxd.it/1paVvN,4.5,,,2020-10-14
2020-10-25,Borat: Cultural Learnings of America for Make Benefit Glorious Nation of Kazakhstan,2006,https://boxd.it/1qh1gF,5,Yes,,2020-10-24
2020-10-25,Borat Subsequent Moviefilm,2020,https://boxd.it/1qh1Av,3,,,2020-10-24
2020-10-31,Moneyball,2011,https://boxd.it/1qZWeT,5,Yes,,2020-10-31
2020-11-10,The Queen's Gambit,2020,https://boxd.it/1s4Ow5,5,,,2020-11-09
2020-11-11,Easy A,2010,https://boxd.it/1s8Jj9,3,,,2020-11-10
2020-11-18,Back to the Future,1985,https://boxd.it/1sRzEV,4.5,Yes,,2020-11-17
2020-11-29,Snowden,2016,https://boxd.it/1u3rWl,4,,,2020-11-29
2020-12-02,Dallas Buyers Club,2013,https://boxd.it/1uot7B,4,,,2020-12-01
2020-12-05,Elf,2003,https://boxd.it/1uDo1X,5,Yes,,2020-12-04
2020-12-10,Pineapple Express,2008,https://boxd.it/1viWe9,3,Yes,,2020-12-10
2020-12-14,The Haunting of Bly Manor,2020,https://boxd.it/1vJcfJ,5,,,2020-12-13
2020-12-15,Taxi Driver,1976,https://boxd.it/1vQgOn,5,,,2020-12-14
2020-12-25,Jersey Boys,2014,https://boxd.it/1x258j,4.5,,,2020-12-24
2021-01-10,Miracle,2004,https://boxd.it/1zQPUV,4.5,,,2021-01-10
2021-01-28,What's Eating Gilbert Grape,1993,https://boxd.it/1CyrTl,4,,,2021-01-27
2021-01-29,Starstruck,2010,https://boxd.it/1CGU1D,2.5,,,2021-01-29
2021-01-31,Spotlight,2015,https://boxd.it/1CW8fT,4,,,2021-01-30
2021-02-02,Chappaquiddick,2017,https://boxd.it/1Dj4OV,4,,,2021-02-01
2021-02-05,Iron Man 2,2010,https://boxd.it/1DCTkZ,4.5,Yes,,2021-02-04
2021-02-14,To All the Boys: Always and Forever,2021,https://boxd.it/1EYd81,2.5,,,2021-02-14
2021-02-19,You Again,2010,https://boxd.it/1FHVnJ,3,,,2021-02-18
2021-03-27,The Grand Budapest Hotel,2014,https://boxd.it/1Kyem1,3.5,,,2021-03-26
2021-04-03,Isle of Dogs,2018,https://boxd.it/1LyMgF,4.5,,ktp movie night,2021-04-02
2021-04-11,Saving Private Ryan,1998,https://boxd.it/1MLyoF,5,,,2021-04-10
2021-04-19,Project Power,2020,https://boxd.it/1NW68b,3,,,2021-04-18
2021-04-19,Thunder Force,2021,https://boxd.it/1NX8hV,1,,,2021-04-18
2021-05-15,War Dogs,2016,https://boxd.it/1RtNTn,4,,,2021-05-14
2021-06-09,A Quiet Place Part II,2020,https://boxd.it/1UTYyp,5,,theater,2021-06-08
2021-06-28,The Dark Knight,2008,https://boxd.it/1XhICL,,,,2021-06-27
2021-06-30,The Conjuring: The Devil Made Me Do It,2021,https://boxd.it/1XxQAl,3.5,,theater,2021-06-29
2021-07-02,Safe Haven,2013,https://boxd.it/1XNDsP,3,,,2021-07-01
2021-07-03,The Tomorrow War,2021,https://boxd.it/1XVsdP,3,,,2021-07-02
2021-07-12,Luca,2021,https://boxd.it/1Zho2r,5,,,2021-07-11
2021-07-23,The Devil Wears Prada,2006,https://boxd.it/20W8hh,4,,,2021-07-22
2021-07-28,Black Widow,2021,https://boxd.it/21GXOD,4,,theater,2021-07-27
2021-08-01,Loki,2021,https://boxd.it/22eWN3,5,,,2021-07-31
2021-08-02,The Trial of the Chicago 7,2020,https://boxd.it/22ofPZ,4,,,2021-08-01
2021-08-02,The Departed,2006,https://boxd.it/22qwyP,5,,,2021-08-01
2021-08-07,Marriage Story,2019,https://boxd.it/237XjX,4,,,2021-08-06
2021-08-13,The Kissing Booth 3,2021,https://boxd.it/23XmFL,,,,2021-08-12
2021-08-29,Spider-Man,2002,https://boxd.it/26eYAL,3.5,,,2021-08-28
2021-08-31,Spider-Man 2,2004,https://boxd.it/26CduT,4,,,2021-08-30
2021-09-20,The Wolf of Wall Street,2013,https://boxd.it/29ihDx,5,,,2021-09-19
2021-10-02,Shang-Chi and the Legend of the Ten Rings,2021,https://boxd.it/2aTSVL,5,,"theater, with kaitlyn, with sydney, regal green hills",2021-10-01
2021-11-12,The Guilty,2021,https://boxd.it/2hlJOL,3.5,,,2021-11-11
2021-12-16,Spider-Man 3,2007,https://boxd.it/2mxU31,4.5,,,2021-12-15
2021-12-16,A California Christmas,2020,https://boxd.it/2mxUaB,1,,christmas movie,2021-12-15
2021-12-18,Deadpool,2016,https://boxd.it/2mOXcT,4,Yes,,2021-12-17
2021-12-18,A Castle for Christmas,2021,https://boxd.it/2mP2lL,1,,,2021-12-17
2021-12-18,The Interview,2014,https://boxd.it/2mQpnx,2.5,Yes,,2021-12-17
2021-12-18,Avatar,2009,https://boxd.it/2mTSov,3.5,,,2021-12-17
2021-12-19,Squid Game,2021,https://boxd.it/2n31eH,4.5,,,2021-12-18
2021-12-19,Fight Club,1999,https://boxd.it/2n55Vp,4,,netflix,2021-12-18
2021-12-19,Unaccompanied Minors,2006,https://boxd.it/2n6Ax1,5,,,2021-12-19
2021-12-20,Titanic,1997,https://boxd.it/2nh4hH,5,,netflix,2021-12-19
2021-12-21,The Amazing Spider-Man,2012,https://boxd.it/2npFSL,4,,,2021-12-20
2021-12-21,The Santa Clause 2,2002,https://boxd.it/2nrdEb,2.5,,,2021-12-20
2021-12-23,The Amazing Spider-Man 2,2014,https://boxd.it/2nV3a1,3.5,,,2021-12-23
2021-12-24,The Giver,2014,https://boxd.it/2o6EV1,3.5,,,2021-12-24
2021-12-27,Spider-Man: No Way Home,2021,https://boxd.it/2oQ7eZ,4.5,,"theater, imax",2021-12-26
2021-12-29,Don't Look Up,2021,https://boxd.it/2pfUp3,2.5,,netflix,2021-12-28
2022-01-03,Ant-Man,2015,https://boxd.it/2qN6uz,3.5,Yes,disney+,2022-01-02
2022-01-03,Avengers: Age of Ultron,2015,https://boxd.it/2qN6Ef,4.5,Yes,disney+,2022-01-02
2022-01-03,The Avengers,2012,https://boxd.it/2qN6KH,5,Yes,disney+,2022-01-02
2022-01-03,Avengers: Endgame,2019,https://boxd.it/2qN70F,5,Yes,disney+,2022-01-02
2022-01-03,Avengers: Infinity War,2018,https://boxd.it/2qN76D,5,Yes,disney+,2022-01-02
2022-01-03,Journey 2: The Mysterious Island,2012,https://boxd.it/2qN9s7,,,,2022-01-02
2022-01-09,"tick, tick... BOOM!",2021,https://boxd.it/2sp6mF,5,,netflix,2022-01-09
2022-01-10,"I, Tonya",2017,https://boxd.it/2sHq2V,4.5,,,2022-01-10
2022-01-18,Eternals,2021,https://boxd.it/2uFIKl,4,,disney+,2022-01-17
2022-01-19,La La Land,2016,https://boxd.it/2uUiRv,4,,,2022-01-18
2022-01-27,X-Men,2000,https://boxd.it/2wz3Nz,4,,,2022-01-26
2022-01-29,X2,2003,https://boxd.it/2wUEAp,3.5,,,2022-01-28
2022-01-30,X-Men: The Last Stand,2006,https://boxd.it/2x5NMr,3,,,2022-01-29
2022-02-04,X-Men Origins: Wolverine,2009,https://boxd.it/2y3G7L,3.5,,,2022-02-03
2022-02-06,Encanto,2021,https://boxd.it/2ytRut,4,,disney+,2022-02-06
2022-02-21,The King's Man,2021,https://boxd.it/2BdDPd,,,,2022-02-20
2022-03-22,The Adam Project,2022,https://boxd.it/2GuJ8D,3.5,,netflix,2022-03-21
2022-03-27,OLIVIA RODRIGO: driving home 2 u (a SOUR film),2022,https://boxd.it/2HwUA7,3.5,,documentary,2022-03-27
2022-03-30,The Batman,2022,https://boxd.it/2I3FBl,4.5,,"theater, marcus syracuse cinema",2022-03-30
2022-04-02,Road Trip,2000,https://boxd.it/2IvllD,2.5,,,2022-04-01
2022-04-04,X-Men: First Class,2011,https://boxd.it/2IU74t,3.5,,,2022-04-03
2022-04-14,X-Men: Days of Future Past,2014,https://boxd.it/2KGLLx,3.5,,,2022-04-14
2022-04-17,Everything Everywhere All at Once,2022,https://boxd.it/2Lb5R1,4.5,,"theater, a24, marcus syracuse cinema",2022-04-16
2022-04-29,Project X,2012,https://boxd.it/2NlQUT,2.5,,,2022-04-28
2022-05-06,Nightmare Alley,2021,https://boxd.it/2OBOuF,4.5,,,2022-05-06
2022-05-08,Doctor Strange in the Multiverse of Madness,2022,https://boxd.it/2OZNjz,4,,theater,2022-05-08
2022-05-08,Moon Knight,2022,https://boxd.it/2OZOcp,5,,disney+,2022-05-08
2022-05-10,Free Guy,2021,https://boxd.it/2Pnvzn,3.5,,,2022-05-09
2022-05-10,Happy Gilmore,1996,https://boxd.it/2PogV1,4.5,,,2022-05-10
2022-05-20,Rush,2013,https://boxd.it/2R5f4Z,4.5,,,2022-05-20
2022-05-25,The Imitation Game,2014,https://boxd.it/2S0MgN,4.5,,netflix,2022-05-24
2022-05-25,BlacKkKlansman,2018,https://boxd.it/2S0MrB,4,,on a plane,2022-05-24
2022-05-27,Spider-Man: No Way Home,2021,https://boxd.it/2SrADp,4.5,Yes,on a plane,2022-05-27
2022-05-27,The Martian,2015,https://boxd.it/2SrAFZ,5,Yes,,2022-05-27
2022-05-27,Old,2021,https://boxd.it/2Ss58x,2.5,,,2022-05-27
2022-06-02,King Richard,2021,https://boxd.it/2TocV3,4.5,,,2022-06-01
2022-06-07,The Lizzie McGuire Movie,2003,https://boxd.it/2Uics3,3,,disney+,2022-06-06
2022-06-09,Uncharted,2022,https://boxd.it/2UCayX,3.5,,netflix,2022-06-08
2022-06-09,WALL·E,2008,https://boxd.it/2UCfzB,5,Yes,,2022-06-08
2022-06-10,The Day After Tomorrow,2004,https://boxd.it/2UJWHn,,,,2022-06-09
2022-06-10,Life of Pi,2012,https://boxd.it/2UJWQ5,5,Yes,on a plane,2022-06-09
2022-06-10,Rocketman,2019,https://boxd.it/2UNEAV,1,,on a plane,2022-06-09
2022-06-10,Space Jam: A New Legacy,2021,https://boxd.it/2UOPvT,1.5,,on a plane,2022-06-09
2022-06-15,The Amazing Spider-Man,2012,https://boxd.it/2VLN11,4,Yes,,2022-06-15
2022-06-22,Top Gun: Maverick,2022,https://boxd.it/2X3nZp,4.5,,"theater, amc palisades, laser",2022-06-21
2022-06-27,To All the Boys: Always and Forever,2021,https://boxd.it/2Y1GgN,2,Yes,netflix,2022-06-26
2022-07-01,Spiderhead,2022,https://boxd.it/2YEQdx,4,,netflix,2022-06-30
2022-07-06,Minions: The Rise of Gru,2022,https://boxd.it/2ZF3iz,5,,theater,2022-07-05
2022-07-11,LOL,2012,https://boxd.it/30DwrP,,,,2022-07-10
2022-07-13,The Terminal,2004,https://boxd.it/30YLQx,4,,netflix,2022-07-12
2022-07-13,Thor: Love and Thunder,2022,https://boxd.it/315Qz1,3,,"theater, amc riverside, laser",2022-07-12
2022-07-18,Little Italy,2018,https://boxd.it/327hTN,1.5,,,2022-07-17
2022-07-18,Status Update,2018,https://boxd.it/328ws5,2,,,2022-07-18
2022-07-20,Jurassic Park,1993,https://boxd.it/32tfZj,4,,,2022-07-19
2022-07-25,Get Out,2017,https://boxd.it/33wVuH,5,,,2022-07-24
2022-07-27,Nope,2022,https://boxd.it/34hEyV,4,,theater,2022-07-27
2022-08-15,The Black Phone,2021,https://boxd.it/38gGS3,3.5,,,2022-08-14
2022-08-16,"Crazy, Stupid, Love.",2011,https://boxd.it/38ukNt,4,,,2022-08-15
2022-08-17,Bodies Bodies Bodies,2022,https://boxd.it/38GpXR,3.5,,"theater, a24",2022-08-16
2022-08-21,Whiplash,2014,https://boxd.it/39sBZB,5,Yes,,2022-08-20
2022-08-27,American Psycho,2000,https://boxd.it/3azxgv,4,,,2022-08-26
2022-08-29,Harry Potter and the Philosopher's Stone,2001,https://boxd.it/3aU4i5,4,,max,2022-08-28
2022-08-29,Lightyear,2022,https://boxd.it/3b0NgP,,,disney+,2022-08-28
2022-09-06,Status Update,2018,https://boxd.it/3coj5T,2,Yes,prime video,2022-09-05
2022-09-26,The Princess Diaries,2001,https://boxd.it/3gdz8N,,Yes,,2022-09-25
2022-09-28,Untold: The Girlfriend Who Didn't Exist,2022,https://boxd.it/3gynIB,4,,"netflix, documentary",2022-09-27
2022-09-28,Ex Machina,2015,https://boxd.it/3gDlrt,4.5,,a24,2022-09-27
2022-09-30,West Side Story,2021,https://boxd.it/3gZNQl,3,,netflix,2022-09-29
2022-10-01,This Is the End,2013,https://boxd.it/3h5yZT,4,Yes,,2022-09-30
2022-10-01,Mississippi Grind,2015,https://boxd.it/3h6yc5,3.5,,"a24, netflix",2022-09-30
2022-10-02,Blonde,2022,https://boxd.it/3ht8mz,3,,netflix,2022-10-02
2022-10-04,Ocean's Eleven,2001,https://boxd.it/3hPzcP,4,,netflix,2022-10-03
2022-10-05,Don't Worry Darling,2022,https://boxd.it/3i7Mev,4.5,,"theater, laser, amc riverside",2022-10-04
2022-10-07,The Card Counter,2021,https://boxd.it/3iqIlP,2.5,,,2022-10-06
2022-10-11,Moonfall,2022,https://boxd.it/3joc93,2,,,2022-10-10
2022-10-13,Hustlers,2019,https://boxd.it/3jFKEN,4,,,2022-10-12
2022-10-15,Land of the Lost,2009,https://boxd.it/3kd2Yx,5,Yes,,2022-10-14
2022-10-17,Return to Halloweentown,2006,https://boxd.it/3kILdX,1.5,,,2022-10-16
2022-10-19,The Wolf of Wall Street,2013,https://boxd.it/3l4XrB,5,Yes,,2022-10-18
2022-10-19,30 Minutes or Less,2011,https://boxd.it/3l6J5v,2.5,,,2022-10-18
2022-10-21,Father of the Bride,1991,https://boxd.it/3ltdk5,4,,,2022-10-20
2022-10-26,The Lizzie McGuire Movie,2003,https://boxd.it/3mz7t7,3,Yes,disney+,2022-10-25
2022-11-03,See How They Run,2022,https://boxd.it/3ogawD,,,,2022-11-02
2022-11-10,Mr. & Mrs. Smith,2005,https://boxd.it/3pKJwn,3,,,2022-11-09
2022-11-22,Cruella,2021,https://boxd.it/3se8bl,4,,disney+,2022-11-21
2022-11-27,The Gift,2015,https://boxd.it/3tpBOx,3,,,2022-11-27
2022-12-01,Black Panther: Wakanda Forever,2022,https://boxd.it/3uaH37,3.5,,"theater, amc riverside, laser",2022-11-30
2022-12-04,Pitch Perfect,2012,https://boxd.it/3uNCAt,4,,disney+,2022-12-03
2022-12-12,The Guardians of the Galaxy Holiday Special,2022,https://boxd.it/3wkJq1,,,disney+,2022-12-11
2022-12-12,Home Alone,1990,https://boxd.it/3wkJK1,4.5,,disney+,2022-12-11
2022-12-12,Home Alone 2: Lost in New York,1992,https://boxd.it/3wkJSp,,,disney+,2022-12-11
2022-12-16,Who Killed Santa? A Murderville Murder Mystery,2022,https://boxd.it/3xmqK5,0.5,,"netflix, documentary",2022-12-15
2022-12-16,A Christmas Story,1983,https://boxd.it/3xnHzZ,3.5,,,2022-12-15
2022-12-17,Zoolander,2001,https://boxd.it/3xuQd3,3.5,,,2022-12-16
2022-12-28,Avatar: The Way of Water,2022,https://boxd.it/3ATRCv,4.5,,"theater, laser, amc riverside",2022-12-27
2023-01-02,American Hustle,2013,https://boxd.it/3D2dvZ,4,,netflix,2023-01-02
2023-01-03,The Kissing Booth 2,2020,https://boxd.it/3DkSld,2,Yes,netflix,2023-01-02
2023-01-03,Glass Onion,2022,https://boxd.it/3DrwQH,4.5,,netflix,2023-01-02
2023-01-06,Bridge to Terabithia,2007,https://boxd.it/3EvRq3,,,,2023-01-04
2023-01-13,Marley & Me,2008,https://boxd.it/3Hdsjn,5,Yes,,2023-01-12
2023-01-25,The Internship,2013,https://boxd.it/3L7rPV,4,Yes,,2023-01-24
2023-01-27,Vacation,2015,https://boxd.it/3LHsUp,3.5,,,2023-01-26
2023-01-27,Tammy,2014,https://boxd.it/3LJzdB,2,,,2023-01-26
2023-01-28,Cheaper by the Dozen 2,2005,https://boxd.it/3M2pWf,4,Yes,,2023-01-27
2023-01-29,Cheaper by the Dozen,2003,https://boxd.it/3MjOer,5,,,2023-01-28
2023-01-29,Suicide Squad,2016,https://boxd.it/3MmrFP,2.5,,,2023-01-28
2023-01-31,The Aviator,2004,https://boxd.it/3N47od,4.5,,,2023-01-30
2023-02-03,Minions: The Rise of Gru,2022,https://boxd.it/3NI5Xb,5,Yes,,2023-02-01
2023-02-04,Where the Crawdads Sing,2022,https://boxd.it/3OaNB5,4,,,2023-02-03
2023-02-06,Arctic,2018,https://boxd.it/3OKac3,2,,,2023-02-04
2023-02-10,The Redeem Team,2022,https://boxd.it/3PWJzp,4,,netflix,2023-02-09
2023-02-26,Interstellar,2014,https://boxd.it/3UiOET,5,Yes,,2023-02-25
2023-02-27,Ant-Man and the Wasp: Quantumania,2023,https://boxd.it/3UJaTX,3.5,,"theater, amc riverside",2023-02-26
2023-03-08,Creed III,2023,https://boxd.it/3Xd5cd,5,,"theater, amc palisades, laser",2023-03-07
2023-03-21,Moana,2016,https://boxd.it/40FrTh,5,Yes,disney+,2023-03-20
2023-03-21,We Bought a Zoo,2011,https://boxd.it/40Ifm7,4.5,Yes,,2023-03-20
2023-03-21,High School Musical 2,2007,https://boxd.it/40ShIz,3,Yes,disney+,2023-03-21
2023-03-24,Good Will Hunting,1997,https://boxd.it/41nD6T,4,,,2023-03-23
2023-03-27,The Hunger Games,2012,https://boxd.it/42iQu9,,Yes,,2023-03-26
2023-03-29,The Hunger Games: Catching Fire,2013,https://boxd.it/42TmZF,4,Yes,,2023-03-28
2023-04-02,The Hunger Games: Mockingjay – Part 1,2014,https://boxd.it/43LvyB,,,,2023-04-01
2023-04-02,The Hunger Games: Mockingjay – Part 2,2015,https://boxd.it/43QHlf,,,,2023-04-01
2023-04-03,The Princess Diaries,2001,https://boxd.it/44dptV,2,Yes,,2023-04-02
2023-04-09,Murder Mystery 2,2023,https://boxd.it/45X4NB,3,,netflix,2023-04-08
2023-04-23,The Hating Game,2021,https://boxd.it/49IcoZ,2.5,,,2023-04-22
2023-04-26,Top Gun: Maverick,2022,https://boxd.it/4asHlf,4.5,Yes,prime video,2023-04-25
2023-04-30,Bullet Train,2022,https://boxd.it/4bvIEH,3,,,2023-04-29
2023-04-30,Catch Me If You Can,2002,https://boxd.it/4bvJ7p,5,Yes,,2023-04-29
2023-05-03,Ghosted,2023,https://boxd.it/4cguyf,,,apple tv,2023-05-02
2023-05-06,Moana,2016,https://boxd.it/4d9GpJ,5,Yes,disney+,2023-05-05
2023-05-06,Luca,2021,https://boxd.it/4d9GwP,5,Yes,disney+,2023-05-05
2023-05-06,Toy Story,1995,https://boxd.it/4d9H4n,,Yes,disney+,2023-05-05
2023-05-06,Toy Story 2,1999,https://boxd.it/4d9Hif,,Yes,disney+,2023-05-05
2023-05-06,Toy Story 3,2010,https://boxd.it/4d9HoR,,Yes,disney+,2023-05-05
2023-05-06,Toy Story 4,2019,https://boxd.it/4ddffv,,Yes,disney+,2023-05-05
2023-05-07,Top Gun: Maverick,2022,https://boxd.it/4drXy5,4.5,Yes,prime video,2023-05-06
2023-05-08,The Great Gatsby,2013,https://boxd.it/4dF2br,4,Yes,,2023-05-07
2023-05-10,Guardians of the Galaxy Vol. 3,2023,https://boxd.it/4emmcF,4.5,,"theater, amc riverside, laser",2023-05-09
2023-05-25,Air,2023,https://boxd.it/4hTCwp,4,,,2023-05-24
2023-06-13,Spider-Man: Into the Spider-Verse,2018,https://boxd.it/4mZDSj,4.5,,,2023-06-12
2023-06-14,Spider-Man: Across the Spider-Verse,2023,https://boxd.it/4nft6B,4,,"theater, amc palisades, laser",2023-06-14
2023-06-21,Ed Sheeran: The Sum of It All,2023,https://boxd.it/4p38It,5,,"disney+, documentary",2023-06-20
2023-06-27,Midsommar,2019,https://boxd.it/4qKP6d,3,Yes,,2023-06-26
2023-06-30,Hereditary,2018,https://boxd.it/4rM1Q9,,Yes,"a24, theater",2023-06-30
2023-07-03,Sully,2016,https://boxd.it/4susC7,,,,2023-07-02
2023-07-18,Iron Man,2008,https://boxd.it/4xfh6z,4,Yes,disney+,2023-07-17
2023-07-23,Barbie,2023,https://boxd.it/4z7RBl,5,,"theater, amc palisades, laser",2023-07-23
2023-07-27,Neighbors,2014,https://boxd.it/4Azdln,2.5,,,2023-07-26
2023-07-30,Oppenheimer,2023,https://boxd.it/4C0fZR,5,,"theater, amc garden state plaza, laser",2023-07-30
2023-08-03,All Quiet on the Western Front,2022,https://boxd.it/4Drjfh,4,,netflix,2023-08-02
2023-08-13,Stan Lee,2023,https://boxd.it/4GwC0R,,,disney+,2023-08-12
2023-08-14,The Super Mario Bros. Movie,2023,https://boxd.it/4H6BZV,3.5,,peacock,2023-08-13
2023-08-15,Untold: Johnny Football,2023,https://boxd.it/4Hllk3,3.5,,"netflix, documentary",2023-08-14
2023-08-16,Bros,2022,https://boxd.it/4HEsKP,3.5,,,2023-08-15
2023-08-19,Race,2016,https://boxd.it/4IC9BT,3.5,,,2023-08-18
2023-08-20,Untold: Hall of Shame,2023,https://boxd.it/4ITRyt,3.5,,"netflix, documentary",2023-08-19
2023-08-20,"tick, tick... BOOM!",2021,https://boxd.it/4IXay9,5,Yes,netflix,2023-08-19
2023-08-20,Untold: Malice at the Palace,2021,https://boxd.it/4IYXg1,3.5,,"netflix, documentary",2023-08-19
2023-08-21,Non-Stop,2014,https://boxd.it/4JlCO3,3.5,,,2023-08-20
2023-08-22,Untold: Operation Flagrant Foul,2022,https://boxd.it/4JDMKB,,,"netflix, documentary",2023-08-21
2023-08-26,Rudy,1993,https://boxd.it/4KBu2B,4.5,,on a plane,2023-08-25
2023-08-27,John Wick,2014,https://boxd.it/4KVNMD,,,on a plane,2023-08-26
2023-09-03,The Dark Knight,2008,https://boxd.it/4NeUy5,,Yes,,2023-09-02
2023-09-05,Untold: Swamp Kings,2023,https://boxd.it/4NHQPz,3.5,,"netflix, documentary",2023-09-04
2023-09-05,Harry Potter and the Prisoner of Azkaban,2004,https://boxd.it/4NKBcX,,Yes,max,2023-09-04
2023-09-06,Harry Potter and the Goblet of Fire,2005,https://boxd.it/4O1Nyv,,Yes,max,2023-09-05
2023-09-26,Untold: Jake Paul the Problem Child,2023,https://boxd.it/4THb63,3,,"netflix, documentary",2023-09-25
2023-09-26,The Machine,2023,https://boxd.it/4TMicn,2,,netflix,2023-09-25
2023-09-26,Escape Room,2019,https://boxd.it/4TOh0p,3,Yes,,2023-09-25
2023-10-02,Shane Gillis: Beautiful Dogs,2023,https://boxd.it/4VKnC5,4.5,,netflix,2023-10-02
2023-10-07,The Wonderful Story of Henry Sugar,2023,https://boxd.it/4X4fzB,,,netflix,2023-10-06
2023-10-08,The Big Short,2015,https://boxd.it/4XBIOr,4,,,2023-10-07
2023-10-15,Mission: Impossible,1996,https://boxd.it/4ZJRi9,3.5,,,2023-10-13
2023-10-15,The Wolf of Wall Street,2013,https://boxd.it/4ZJS0v,5,Yes,,2023-10-13
2023-10-15,Strays,2023,https://boxd.it/4ZKWXX,3.5,,peacock,2023-10-14
2023-10-24,Captain America: The First Avenger,2011,https://boxd.it/52OZw1,4,Yes,disney+,2023-10-23
2023-10-24,Kelce,2023,https://boxd.it/52RR8L,4,Yes,"prime video, documentary",2023-10-23
2023-10-27,Hubie Halloween,2020,https://boxd.it/53L9D3,4,,netflix,2023-10-26
2023-10-29,Sydney White,2007,https://boxd.it/54tdWh,2.5,,,2023-10-28
2023-11-01,Pain Hustlers,2023,https://boxd.it/55JevR,4,,netflix,2023-10-31
2023-11-02,Harry Potter and the Philosopher's Stone,2001,https://boxd.it/5651Gh,4,Yes,max,2023-11-01
2023-11-03,It Ain't Over,2023,https://boxd.it/56jTAZ,4,,"netflix, documentary",2023-11-02
2023-11-04,The Holdovers,2023,https://boxd.it/56HIyB,5,,"theater, with kaitlyn, with steve, with connie",2023-11-03
2023-11-05,You Are So Not Invited to My Bat Mitzvah,2023,https://boxd.it/56VR6J,2.5,,netflix,2023-11-04
2023-11-09,Office Space,1999,https://boxd.it/58iQzZ,3.5,,,2023-11-08
2023-11-10,Now You See Me,2013,https://boxd.it/58zNnZ,3.5,,,2023-11-09
2023-11-14,Our Idiot Brother,2011,https://boxd.it/59WQuJ,3,,,2023-11-13
2023-11-17,Downsizing,2017,https://boxd.it/5aLxEd,2.5,,,2023-11-16
2023-11-20,Love Actually,2003,https://boxd.it/5bN32h,,,,2023-11-19
2023-11-22,Pitch Perfect 2,2015,https://boxd.it/5ctEXj,2.5,,with RG,2023-11-21
2023-11-27,CODA,2021,https://boxd.it/5e9VMv,5,,"with mom, apple tv",2023-11-26
2023-11-28,Holidate,2020,https://boxd.it/5ewpWJ,2.5,,netflix,2023-11-27
2023-11-29,No Hard Feelings,2023,https://boxd.it/5eOy35,3.5,,netflix,2023-11-28
2023-11-29,First Man,2018,https://boxd.it/5eVmJR,4.5,Yes,fxnow,2023-11-28
2023-11-30,Dream Scenario,2023,https://boxd.it/5fgGPx,4.5,,"theater, with steve, a24",2023-11-29
2023-11-30,Catch Me If You Can,2002,https://boxd.it/5fgH5P,5,Yes,,2023-11-29
2023-12-03,Elf,2003,https://boxd.it/5fYOYF,5,Yes,max,2023-12-01
2023-12-08,Dazed and Confused,1993,https://boxd.it/5hPW3H,4.5,,,2023-12-07
2023-12-08,The Big Lebowski,1998,https://boxd.it/5hSDLr,2,,,2023-12-07
2023-12-09,The Saint of Second Chances,2023,https://boxd.it/5i7d0T,3,,"netflix, documentary",2023-12-08
2023-12-09,Arrival,2016,https://boxd.it/5i9xDl,3,,,2023-12-08
2023-12-10,Old Dads,2023,https://boxd.it/5ilhuh,3.5,,netflix,2023-12-09
2023-12-10,Hidden Figures,2016,https://boxd.it/5iydJX,4.5,,disney+,2023-12-09
2023-12-10,Shane Gillis: Beautiful Dogs,2023,https://boxd.it/5izmMX,4.5,Yes,Netflix,2023-12-09
2023-12-13,Remember the Titans,2000,https://boxd.it/5jAh6X,4,Yes,disney+,2023-12-12
2023-12-13,Home Alone,1990,https://boxd.it/5jBu1t,4,Yes,Disney+,2023-12-12
2023-12-21,The Christmas Chronicles,2018,https://boxd.it/5mDSpP,2.5,,netflix,2023-12-20
2023-12-23,Barbie,2023,https://boxd.it/5nggrh,5,Yes,"max, with Kaitlyn",2023-12-22
2023-12-25,The Polar Express,2004,https://boxd.it/5o9tAL,2,,,2023-12-24
2023-12-26,Tetris,2023,https://boxd.it/5oDRL9,4,,"apple tv, with mom",2023-12-25
2023-12-29,Reptile,2023,https://boxd.it/5qAdET,3.5,,"with kaitlyn, with kaitlyn's fam, netflix",2023-12-28
2024-01-03,Anyone But You,2023,https://boxd.it/5tN6qN,4,,"theater, with kaitlyn, amc lincoln square, laser",2024-01-02
2024-01-05,Saltburn,2023,https://boxd.it/5uWJ0L,3,,prime video,2024-01-04
2024-01-07,The Longest Ride,2015,https://boxd.it/5w4ydp,3,,"max, with kaitlyn",2024-01-05
2024-01-08,The Little Mermaid,2023,https://boxd.it/5wMue7,2.5,,disney+,2024-01-07
2024-01-11,Godzilla Minus One,2023,https://boxd.it/5ywNOp,5,,"theater, with steve, amc 34th st",2024-01-09
2024-01-12,Now You See Me 2,2016,https://boxd.it/5zjPsj,3.5,,max,2024-01-11
2024-01-17,Oppenheimer,2023,https://boxd.it/5CbfFH,5,Yes,"imax 70mm, theater, amc lincoln square, imax, rerelease",2024-01-16
2024-01-18,Poison,2023,https://boxd.it/5CrENN,3.5,,netflix,2024-01-17
2024-01-20,Facing Nolan,2022,https://boxd.it/5DxEbv,3.5,,"netflix, documentary",2024-01-19
2024-01-20,Burnt,2015,https://boxd.it/5DxLTf,3.5,,netflix,2024-01-19
2024-01-23,Armstrong,2019,https://boxd.it/5F4hQP,3,,"documentary, peacock",2024-01-22
2024-01-23,The Rat Catcher,2023,https://boxd.it/5F54hp,1.5,,netflix,2024-01-22
2024-01-28,Killers of the Flower Moon,2023,https://boxd.it/5HCFLb,4,,"with mom, apple tv",2024-01-27
2024-01-29,Loki,2021,https://boxd.it/5HRx2H,4,Yes,"disney+, with mom",2024-01-27
2024-01-29,Dumb Money,2023,https://boxd.it/5HVti5,3.5,,netflix,2024-01-28
2024-01-30,The Menu,2022,https://boxd.it/5IH14Z,4,,Hulu,2024-01-29
2024-02-02,The Hill,2023,https://boxd.it/5JREP5,2,,hulu,2024-02-01
2024-02-03,John Wick,2014,https://boxd.it/5KewRD,4,Yes,netflix,2024-02-02
2024-02-03,Blazing Saddles,1974,https://boxd.it/5KskVL,3,,"max, with mom, franks list of must watches",2024-02-02
2024-02-04,Serving Sara,2002,https://boxd.it/5KTBej,2,,"cable, with mom",2024-02-03
2024-02-05,Maestro,2023,https://boxd.it/5Lbr5R,4.5,,"netflix, with mom",2024-02-03
2024-02-05,Baywatch,2017,https://boxd.it/5LuhmB,2.5,,prime video,2024-02-04
2024-02-12,Shane Gillis: Beautiful Dogs,2023,https://boxd.it/5OmvbD,5,Yes,"netflix, with Dante",2024-02-10
2024-02-12,She's the Man,2006,https://boxd.it/5OpRKB,3.5,,"netflix, with kaitlyn",2024-02-11
2024-02-16,The Wedding Planner,2001,https://boxd.it/5Q0ZhF,2,,"with kaitlyn, fell asleep, hulu",2024-02-14
2024-02-18,Piranha 3D,2010,https://boxd.it/5Rl8IJ,1.5,,"fell asleep, with rg",2024-02-17
2024-02-19,She's All That,1999,https://boxd.it/5RTqHn,2.5,,"netflix, with kaitlyn, kaitlyn slept",2024-02-18
2024-02-26,Doc & Darryl,2016,https://boxd.it/5UMR6h,4,,"hulu, 30 for 30, documentary",2024-02-25
2024-02-28,Tenet,2020,https://boxd.it/5VZqmn,4,Yes,"theater, imax 70mm, with steve, amc lincoln square, imax",2024-02-27
2024-03-01,Bob Marley: One Love,2024,https://boxd.it/5WJIJL,2.5,,"theater, amc 34th st, laser",2024-02-29
2024-03-03,Once Upon a Time in Queens,2021,https://boxd.it/5XCv7f,5,,"hulu, 30 for 30, documentary",2024-03-02
2024-03-06,Madame Web,2024,https://boxd.it/5Zg2Sb,1.5,,"theater, amc 34th st",2024-03-05
2024-03-09,Wonka,2023,https://boxd.it/60uSHh,3,,max,2024-03-08
2024-03-10,Poor Things,2023,https://boxd.it/60YwvX,4,,"theater, amc lincoln square, laser",2024-03-09
2024-03-13,Mean Girls,2024,https://boxd.it/62vYUr,3,,"paramount+, with kaitlyn",2024-03-12
2024-03-20,The Upside,2017,https://boxd.it/65yntr,4.5,,"hulu, with kaitlyn, kaitlyn fell asleep",2024-03-18
2024-03-20,Dune,2021,https://boxd.it/65NLXb,4,,"max, with kaitlyn, kaitlyn fell asleep",2024-03-19
2024-03-21,Dune: Part Two,2024,https://boxd.it/66drO1,5,,"theater, imax 70mm, amc lincoln square, imax, rerelease",2024-03-20
2024-03-23,Paint,2023,https://boxd.it/66Ljtn,,,"hulu, did not finish",2024-03-22
2024-03-23,The Hunger Games: The Ballad of Songbirds & Snakes,2023,https://boxd.it/677nsH,3,,"on a plane, with kaitlyn, did not finish, fell asleep, kaitlyn fell asleep, jfk --> dub",2024-03-23
2024-03-27,Harry Potter and the Half-Blood Prince,2009,https://boxd.it/68Krgx,,Yes,"netflix, ireland, with kaitlyn, took two tries, fell asleep, kaitlyn fell asleep",2024-03-26
2024-04-01,Ferrari,2023,https://boxd.it/6b4xAV,4,,"on a plane, Delta, DUB --> JFK",2024-03-30
2024-04-01,Avengers: Infinity War,2018,https://boxd.it/6b4B9p,5,Yes,"on a plane, delta, dub --> jfk, fell asleep",2024-03-30
2024-04-01,Top Gun: Maverick,2022,https://boxd.it/6b4E3T,5,Yes,"on a plane, delta, dub --> jfk",2024-03-30
2024-04-07,Ghostbusters: Frozen Empire,2024,https://boxd.it/6dY9Bv,2.5,,"theater, amc 19th st, laser",2024-04-06
2024-04-10,Godzilla × Kong: The New Empire,2024,https://boxd.it/6ftd6x,3.5,,"theater, amc 19th st, with steve, 3d",2024-04-09
2024-04-11,Kung Fu Panda 4,2024,https://boxd.it/6fOfWx,2,,"with kaitlyn, theater, amc 34th st",2024-04-10
2024-04-15,The SpongeBob SquarePants Movie,2004,https://boxd.it/6hbCsb,,Yes,"with kaitlyn, max, background movie",2024-04-14
2024-04-15,Stuck in Love,2012,https://boxd.it/6hdwDB,4,,"prime video, with kaitlyn",2024-04-14
2024-04-15,Civil War,2024,https://boxd.it/6hkm4F,4,,"theater, amc 34th st, imax",2024-04-14
2024-04-16,The Perks of Being a Wallflower,2012,https://boxd.it/6hEdaz,5,,"prime video, with kaitlyn, kaitlyns reccomendation, cried",2024-04-14
2024-04-18,A Rainy Day in New York,2019,https://boxd.it/6ixwHx,3,,prime video,2024-04-17
2024-04-22,Monkey Man,2024,https://boxd.it/6k4WxD,3.5,,"theater, amc 34th st, laser",2024-04-21
2024-04-23,Ocean's Twelve,2004,https://boxd.it/6kyqfd,4,,"hulu, kaitlyn joined mid way through, kaitlyn fell asleep, with kaitlyn",2024-04-22
2024-04-25,The King of Staten Island,2020,https://boxd.it/6lgn1b,4,,peacock,2024-04-24
2024-04-29,Challengers,2024,https://boxd.it/6mE5yj,5,,"theater, amc lincoln square, with kaitlyn, dolby",2024-04-27
2024-05-05,Star Wars: Episode I – The Phantom Menace,1999,https://boxd.it/6pdRH7,3,,"theater, amc riverside, 25th anniversary re-release, with rg, with chyna, with cedar, with seb, rerelease, laser",2024-05-03
2024-05-06,Star Wars: Episode II – Attack of the Clones,2002,https://boxd.it/6pJYHH,3,,"farringtons basement, disney+, with farrington, with will, with cedar, with seb, with matt allen, with andy, with liam, with chyna, with rg",2024-05-04
2024-05-06,Star Wars: Episode III – Revenge of the Sith,2005,https://boxd.it/6pN9tn,4.5,,"disney+, phone watch",2024-05-05
2024-05-07,The Avengers,2012,https://boxd.it/6qpXWF,5,Yes,"disney+, background movie",2024-05-06
2024-05-11,Fernando Nation,2010,https://boxd.it/6rXkNr,2.5,,"hulu, on nj transit, 30 for 30, documentary, phone watch",2024-05-10
2024-05-13,Shane Gillis: Beautiful Dogs,2023,https://boxd.it/6syUSr,5,Yes,"netflix, comedy special, fell asleep",2024-05-12
2024-05-13,"history of the entire world, i guess",2017,https://boxd.it/6sBKqD,5,,"youtube, this shouldnt be loggable on letterboxd",2024-05-12
2024-05-14,Mother of the Bride,2024,https://boxd.it/6t4cxt,1,,"netflix, background movie, phone watch",2024-05-13
2024-05-14,Unfrosted,2024,https://boxd.it/6t6fUJ,2.5,,"netflix, background movie, phone watch",2024-05-13
2024-05-14,Priscilla,2023,https://boxd.it/6terEf,4,,"max, background movie, a24, phone watch",2024-05-13
2024-05-14,Pixels,2010,https://boxd.it/6tf38r,5,,"youtube, this shouldnt be loggable on letterboxd",2024-05-13
2024-05-16,The Idea of You,2024,https://boxd.it/6tYqD3,3.5,,prime video,2024-05-15
2024-05-17,Kingdom of the Planet of the Apes,2024,https://boxd.it/6ujEUf,4.5,,"theater, amc 34th st, imax, With Danny",2024-05-16
2024-05-18,Yesterday,2019,https://boxd.it/6utYbf,3,,"netflix, background movie, phone watch",2024-05-17
2024-05-18,BlackBerry,2023,https://boxd.it/6uxYxN,4,,"hulu, background movie, phone watch",2024-05-17
2024-05-19,Crazy Rich Asians,2018,https://boxd.it/6v712t,5,Yes,"max, with kaitlyn, kaitlyns pick",2024-05-18
2024-05-21,Upgraded,2024,https://boxd.it/6vNEvN,3,,"prime video, background movie, figma, phone watch",2024-05-20
2024-05-21,Brooklyn,2015,https://boxd.it/6vQWOz,4,,"max, background movie, phone watch",2024-05-20
2024-05-23,Uncut Gems,2019,https://boxd.it/6wK0z9,5,Yes,"theater, amc 34th st, imax, a24, rerelease",2024-05-22
2024-05-28,Argylle,2024,https://boxd.it/6yHbGx,2,,apple tv,2024-05-27
2024-06-01,Atlas,2024,https://boxd.it/6AjIyB,1.5,,"background movie, netflix, phone watch",2024-05-31
2024-06-01,"MoviePass, MovieCrash",2024,https://boxd.it/6AlSiH,4,,"max, background movie, figma, phone watch, documentary",2024-05-31
2024-06-01,Furiosa: A Mad Max Saga,2024,https://boxd.it/6AycSf,4.5,,"theater, amc lincoln square, with steve, imax",2024-05-31
2024-06-02,Mad Max: Fury Road,2015,https://boxd.it/6AXXrZ,4.5,,"max, phone watch",2024-06-01
2024-06-03,The Fall Guy,2024,https://boxd.it/6BnzjJ,4,,"theater, amc 34th st, laser",2024-06-02
2024-06-10,The Nanny Diaries,2007,https://boxd.it/6EaCmn,3.5,,prime video,2024-06-09
2024-06-11,Everybody Wants Some!!,2016,https://boxd.it/6EEfbV,4,,prime video,2024-06-10
2024-06-13,Lost in Translation,2003,https://boxd.it/6ForFb,4.5,,"max, AX team movie choice",2024-06-12
2024-06-15,Animal House,1978,https://boxd.it/6G45pJ,5,,netflix,2024-06-14
2024-06-16,Shane Gillis: Beautiful Dogs,2023,https://boxd.it/6Ghar7,5,Yes,"netflix, listened not watched",2024-06-14
2024-06-16,Fargo,1996,https://boxd.it/6GuW5T,3,,"max, franks list of must watches",2024-06-15
2024-06-17,Mad Max,1979,https://boxd.it/6GYhrf,,,"peacock, fell asleep",2024-06-16
2024-06-19,Inside Out,2015,https://boxd.it/6HyuHx,5,,"disney+, with kaitlyn, kaitlyn cried, i got teary eyed",2024-06-17
2024-06-21,Inside Out 2,2024,https://boxd.it/6IoQ6x,5,,"theater, with kaitlyn, amc lincoln square, imax, kaitlyn cried, i got teary eyed",2024-06-20
2024-06-25,The Boys in the Boat,2023,https://boxd.it/6JXXU9,3,,"on a plane, ORD --> EWR, united, fell asleep",2024-06-24
2024-07-01,Wanderlust,2012,https://boxd.it/6MkKcH,,,"farringtons basement, netflix, fell asleep, did not finish",2024-06-30
2024-07-05,A Quiet Place: Day One,2024,https://boxd.it/6NRM5j,2.5,,"amc 19th st, theater, with kaitlyn, laser",2024-07-04
2024-07-08,Kinds of Kindness,2024,https://boxd.it/6PmtkF,4,,"theater, amc lincoln square, laser",2024-07-07
2024-07-09,Leave the World Behind,2023,https://boxd.it/6PXK5h,3.5,,"netflix, on a plane, phone watch, ord --> ewr, ord, took three tries, home, airport",2024-07-08
2024-07-13,13 Going on 30,2004,https://boxd.it/6RplhH,3,,"prime video, max's apartment, nashville, background movie",2024-07-12
2024-07-13,Snowed Inn Christmas,2017,https://boxd.it/6RsTxb,2.5,,"prime video, background movie, max's apartment, nashville, christmas movie",2024-07-12
2024-07-14,Get a Job,2016,https://boxd.it/6RPJPl,2,,"prime video, max's apartment, nashville, background movie",2024-07-12
2024-07-27,American Sniper,2014,https://boxd.it/6Y4FrX,5,,"on a plane, phone watch, max, downloaded movie, mia --> jfk, cried",2024-07-26
2024-07-29,Paris 2024 Olympic Opening Ceremony,2024,https://boxd.it/6Z07QF,,,"peacock, probably only watched half but am logging anyway",2024-07-28
2024-08-02,Twisters,2024,https://boxd.it/70HJ2D,3.5,,"amc 19th st, theater, with kaitlyn, laser",2024-08-01
2024-08-09,Star Wars,1977,https://boxd.it/73H94F,4,,"disney+, phone watch, on a plane, JFK --> SEA",2024-08-08
2024-08-11,Longlegs,2024,https://boxd.it/74F88r,3,,"theater, with wilson, with wilsons roommate, amc alderwood mall, seattle, laser",2024-08-10
2024-08-17,Alien: Romulus,2024,https://boxd.it/774BGl,4,,"theater, amc lincoln square, with steve, imax, opening night",2024-08-16
2024-08-19,Barbie,2023,https://boxd.it/78niTd,5,Yes,"max, background movie, with kaitlyn, with kevin, with Lily",2024-08-17
2024-08-20,Deadpool & Wolverine,2024,https://boxd.it/78SNvD,4,,"theater, amc 34th st, with dante, laser",2024-08-19
2024-08-29,Everything Everywhere All at Once,2022,https://boxd.it/7cXNrR,5,Yes,"theater, imax, amc 34th st, with steve, a24, rerelease",2024-08-28
2024-08-31,The Instigators,2024,https://boxd.it/7dw4f7,2,,"apple tv, with mom, probably only watched half but am logging anyway",2024-08-30
2024-09-10,Back to the Future,1985,https://boxd.it/7ipJMn,5,Yes,"netflix, phone watch, Putting a movie on my phone helps me with not using it and being less distracted",2024-09-09
2024-09-17,Speak No Evil,2024,https://boxd.it/7lDM5B,4,,"theater, with kaitlyn, amc 34th st, laser",2024-09-16
2024-09-18,Blink Twice,2024,https://boxd.it/7m1pMb,4,,"theater, amc 34th st, with dante, with justin, laser",2024-09-17
2024-09-28,Megalopolis,2024,https://boxd.it/7qjK8t,,,"theater, amc lincoln square, imax, fell asleep, is this a movie?, with steve",2024-09-28
2024-10-08,Hubie Halloween,2020,https://boxd.it/7vaiMn,5,Yes,"netflix, halloween 2024",2024-10-07
2024-10-13,Oppenheimer,2023,https://boxd.it/7x4fCv,5,Yes,"prime video, took two tries",2024-10-12
2024-10-13,Untold: Sign Stealer,2024,https://boxd.it/7x5DLN,3,,"netflix, documentary",2024-10-12
2024-10-17,Anora,2024,https://boxd.it/7zyLnZ,5,,"theater, lincoln center, walter reade theater, 35mm, with steve, with connie, q&a, with cast and director, early screening",2024-10-16
2024-10-20,Scary Movie,2000,https://boxd.it/7ADwOv,2.5,,"paramount+, with kaitlyn, halloween 2024",2024-10-18
2024-10-26,Will & Harper,2024,https://boxd.it/7E46j3,4,,"netflix, with mom, documentary",2024-10-25
2024-10-27,Saturday Night,2024,https://boxd.it/7Ev6dX,4,,"theater, amc palisades, with mom, with dad, laser",2024-10-26
2024-11-02,Trap,2024,https://boxd.it/7Hzvrb,3.5,,max,2024-11-01
2024-11-07,A Real Pain,2024,https://boxd.it/7Kpvj9,5,,"theater, amc lincoln square, with dante, with justin, flick saw this review first",2024-11-05
2024-11-13,We Live in Time,2024,https://boxd.it/7NuxCz,4.5,,"theater, amc 34th st, with kaitlyn, cried, kaitlyn sobbed, flick saw this review first, a24, laser",2024-11-12
2024-11-17,My Old Ass,2024,https://boxd.it/7P23Gj,3,,"prime video, with justin",2024-11-16
2024-11-19,A Family Affair,2024,https://boxd.it/7QwAoV,3,,"netflix, with kaitlyn, christmas movie, christmas 2024",2024-11-18
2024-11-29,Moana 2,2024,https://boxd.it/7V9wpz,3,,"theater, amc 34th st, with kaitlyn, opening night",2024-11-26
2024-12-02,Afraid,2024,https://boxd.it/7WMnfH,2,,"netflix, farringtons basement, with rg, with will, with farrington, with cedar, with matt allen, with seb, fell asleep",2024-11-30
2024-12-02,Focus,2015,https://boxd.it/7WTjun,3.5,,netflix,2024-12-01
2024-12-10,Interstellar,2014,https://boxd.it/813ShT,5,Yes,"theater, amc lincoln square, imax 70mm, imax, with steve, front row, cried, rerelease",2024-12-09
2024-12-11,Home Alone,1990,https://boxd.it/81jd6H,5,Yes,"disney+, fell asleep, christmas 2024, christmas movie",2024-12-10
2024-12-12,Elf,2003,https://boxd.it/81GnQB,5,Yes,"hulu, office watch, christmas 2024",2024-12-11
2024-12-12,Fly Me to the Moon,2024,https://boxd.it/81WeRH,3.5,,apple tv,2024-12-11
2024-12-15,Requiem for the Big East,2014,https://boxd.it/838RJv,4,,"espn +, documentary",2024-12-14
2024-12-16,Interstellar,2014,https://boxd.it/83VGCB,5,Yes,"theater, amc lincoln square, imax 70mm, imax, with justin, cried, rerelease",2024-12-15
2024-12-16,Conclave,2024,https://boxd.it/844cpP,4,,peacock,2024-12-15
2024-12-17,Elf,2003,https://boxd.it/84DkbV,5,Yes,"disney+, with kaitlyn, christmas 2024, christmas movie",2024-12-16
2024-12-18,Carry-On,2024,https://boxd.it/85awMZ,3.5,,"netflix, christmas 2024, christmas movie",2024-12-17
2024-12-21,The Brutalist,2024,https://boxd.it/86Swuj,5,,"theater, amc lincoln square, 70mm, with steve, a24",2024-12-20
2024-12-24,The Holdovers,2023,https://boxd.it/88oNtZ,5,Yes,"prime video, fell asleep, with mom, christmas 2024",2024-12-22
2024-12-24,Red One,2024,https://boxd.it/88tXbB,2,,"prime video, phone watch, christmas 2024, christmas movie",2024-12-23
2024-12-24,Die Hard,1988,https://boxd.it/88QPiF,4,,"prime video, with mom, with dad, christmas 2024, christmas movie",2024-12-23
2024-12-27,A Complete Unknown,2024,https://boxd.it/8bmunh,4.5,,"theater, amc garden state plaza, with dad, laser",2024-12-26
2024-12-31,Caddo Lake,2024,https://boxd.it/8f6dV1,3,,"max, with kaitlyn, with kevin, with lily, with angela (for half the movie)",2024-12-30
2025-01-03,Hit Man,2023,https://boxd.it/8hC4xB,4,,netflix,2025-01-02
2025-01-07,Se7en,1995,https://boxd.it/8lxLPT,5,,"theater, imax, amc 34th st, with steve, rerelease",2025-01-05
2025-01-08,Babygirl,2024,https://boxd.it/8n07bB,3,,"theater, amc 34th st, with dante, with justin, laser, a24",2025-01-07
2025-01-11,The Substance,2024,https://boxd.it/8q6fk1,3,,"prime video, $5.99, with kaitlyn",2025-01-10
2025-01-12,Mission: Impossible II,2000,https://boxd.it/8r9uBh,2,,"paramount+, took a nap mid way through",2025-01-11
2025-01-13,Better Man,2024,https://boxd.it/8rZidB,4,,"theater, with steve, q&a, amc lincoln square, cried, matinee, robbie williams, laser",2025-01-12
2025-01-13,Wicked,2024,https://boxd.it/8sq5mT,3.5,,"prime video, $19.99, with kaitlyn",2025-01-12
2025-01-13,The Lizzie McGuire Movie,2003,https://boxd.it/8sq7Zj,5,Yes,"disney+, with kaitlyn, background movie",2025-01-12
2025-01-18,It's What's Inside,2024,https://boxd.it/8vLBoV,3.5,,"netflix, background movie",2025-01-17
2025-01-18,Untold: The Murder of Air McNair,2024,https://boxd.it/8vUPaL,1,,"netflix, background movie, documentary, phone watch",2025-01-17
2025-01-19,Wolf Man,2025,https://boxd.it/8x3zhj,2.5,,"theater, amc 34th st, imax, with dante, with steve, with marissa, ktp reunion",2025-01-18
2025-01-21,Untold: Crime & Penalties,2021,https://boxd.it/8ygf61,2,,"netflix, documentary, background movie",2025-01-20
2025-01-22,Nickel Boys,2024,https://boxd.it/8zlQZB,4,,"theater, amc lincoln square, laser",2025-01-21
2025-01-23,Talk to Me,2022,https://boxd.it/8A28Kt,4,,"theater, amc lincoln square, imax, a24, rerelease, with steve",2025-01-22
2025-01-24,A Lien,2023,https://boxd.it/8AMyTX,3.5,,"phone watch, vimeo, short film, oscar noms 2025",2025-01-23
2025-01-25,I'm Not a Robot,2023,https://boxd.it/8B8cl9,3,,"youtube, short film, oscar noms 2025, dutch",2025-01-24
2025-01-26,A Different Man,2024,https://boxd.it/8Cnly1,4,,"max, phone watch, oscar noms 2025, with kaitlyn (adjacent), a24",2025-01-25
2025-02-01,Untold: Hope Solo vs. U.S. Soccer,2024,https://boxd.it/8GrFpx,3,,"netflix, documentary, phone watch, background movie",2025-01-31
2025-02-02,Shelter,2016,https://boxd.it/8HA1lH,0.5,,"youtube, will and Farrys apartment, with will, with farrington, short film, anime",2025-02-01
2025-02-02,Don't Hug Me I'm Scared,2011,https://boxd.it/8HA41v,1.5,,"youtube, will and farrys apartment, with will, with farrington, short film",2025-02-01
2025-02-04,Mulholland Drive,2001,https://boxd.it/8IT7vl,5,,"theater, ifc center, rerelease, with steve, with connie, flick saw this review first",2025-02-02
2025-02-13,When Harry Met Sally...,1989,https://boxd.it/8OOnsL,5,,"paramount+, christmas movie, with roo",2025-02-12
2025-02-18,Moonstruck,1987,https://boxd.it/8RRy7H,3.5,,"prime video, with roo",2025-02-16
2025-02-18,The Wild Robot,2024,https://boxd.it/8S50Cp,4,,"peacock, with roo, background movie, oscar noms 2025",2025-02-17
2025-02-18,I'm Still Here,2024,https://boxd.it/8SjFmF,3.5,,"theater, amc lincoln square, laser, with justin, oscar noms 2025",2025-02-17
2025-02-19,Coach Carter,2005,https://boxd.it/8SV5jr,4.5,,"paramount+, with roo",2025-02-18
2025-02-25,Inception,2010,https://boxd.it/8WqGuP,5,,"netflix, with mom, with roo, mom slept",2025-02-23
2025-03-01,Oppenheimer,2023,https://boxd.it/8Z3W4p,5,Yes,"theater, amc lincoln square, imax 70mm, with steve, imax, rerelease",2025-02-28
2025-03-03,Jojo Rabbit,2019,https://boxd.it/902Waf,3.5,,"hulu, with roo, fell asleep",2025-03-01
2025-03-03,Emilia Pérez,2024,https://boxd.it/904sbV,,,"background movie, netflix, with roo, oscar noms 2025",2025-03-02
2025-03-05,That Awkward Moment,2014,https://boxd.it/91S2MP,3,,"prime video, kaitlyn left mid way through, with kaitlyn, with roo",2025-03-04
2025-03-08,I Care a Lot,2020,https://boxd.it/93ntAR,3.5,,"netflix, background movie",2025-03-07
2025-03-09,Mickey 17,2025,https://boxd.it/94mJrj,4.5,,"theater, with dad, amc garden state plaza, dolby, matinee",2025-03-08
2025-03-09,Birdman or (The Unexpected Virtue of Ignorance),2014,https://boxd.it/94mWiz,4,,"hulu, with mom, with roo",2025-03-08
2025-03-16,"The French Dispatch of the Liberty, Kansas Evening Sun",2021,https://boxd.it/98zWih,,,"hulu, with mom, with roo, fell asleep",2025-03-13
2025-03-16,Blitz,2024,https://boxd.it/98zTk5,3,,"apple tv, with mom, with roo",2025-03-15
2025-03-18,The Electric State,2025,https://boxd.it/99L2XV,1.5,,"netflix, background movie",2025-03-17
2025-03-23,Adolescence,2025,https://boxd.it/9cDaDZ,,,"netflix, with roo, limited series, tv",2025-03-22
2025-03-23,Sing Sing,2023,https://boxd.it/9cDgI7,4,,"max, with roo, a24",2025-03-22
2025-03-27,Dear Evan Hansen,2021,https://boxd.it/9eIs9B,3,,"peacock, with roo, movie marathon after roo's spaying",2025-03-26
2025-03-27,Mission: Impossible III,2006,https://boxd.it/9eKtJp,,,"paramount+, with roo, movie marathon after roo's spaying",2025-03-26
2025-03-27,Catch Me If You Can,2002,https://boxd.it/9eS3d9,5,Yes,"paramount+, with roo, movie marathon after roo's spaying",2025-03-26
2025-03-28,Fast Times at Ridgemont High,1982,https://boxd.it/9fd6nt,4,,"peacock, with roo, movie marathon after roo's spaying, franks list of must watches",2025-03-27
2025-03-28,Mission: Impossible – Ghost Protocol,2011,https://boxd.it/9fjMwp,3.5,,"paramount+, with roo, movie marathon after roo's spaying",2025-03-27
2025-04-02,Parasite,2019,https://boxd.it/9iaQUf,4,,"hulu, with roo, fell asleep, took two tries",2025-03-30
2025-04-12,Full Metal Jacket,1987,https://boxd.it/9nH17H,4,,"criterion channel, background movie, with roo",2025-04-11
2025-04-14,The Martian,2015,https://boxd.it/9p52xN,5,Yes,"max, with roo",2025-04-11
2025-04-14,A Minecraft Movie,2025,https://boxd.it/9pbyrp,2.5,,"theater, amc 34th st, dolby, with will, with farrington",2025-04-13
2025-04-18,Warfare,2025,https://boxd.it/9rf3rT,4.5,,"theater, amc 34th st, laser, a24",2025-04-17
2025-04-20,The Amateur,2025,https://boxd.it/9sriVR,3,,"theater, amc riverside, with mom, matinee, laser",2025-04-19
2025-04-21,Dune,2021,https://boxd.it/9t1OO1,4.5,Yes,"max, with mom, with roo, fell asleep, mom slept",2025-04-20
2025-04-24,Y2K,2024,https://boxd.it/9v0lSz,2,,"max, background movie, with roo, a24",2025-04-23
2025-04-27,"tick, tick... BOOM!",2021,https://boxd.it/9wRTMZ,5,Yes,"netflix, with roo",2025-04-26
2025-04-30,Sinners,2025,https://boxd.it/9ywB3j,4.5,,"theater, amc lincoln square, imax 70mm, imax, with steve, with justin",2025-04-26
2025-05-04,Knives Out,2019,https://boxd.it/9AL4eB,5,Yes,"prime video, background movie",2025-05-02
2025-05-05,Another Simple Favor,2025,https://boxd.it/9BtVH5,3,,"prime video, with kaitlyn, with roo",2025-05-04
2025-05-05,Daughters of the Dust,1991,https://boxd.it/9BJ8s3,3,,"theater, walter reade theater, lincoln center, with steve, 35mm",2025-05-04
2025-05-09,Thunderbolts*,2025,https://boxd.it/9DXyLV,3.5,,"theater, amc lincoln square, imax, with dante",2025-05-08
2025-05-16,Mission: Impossible – Rogue Nation,2015,https://boxd.it/9HB6Vl,,,"paramount+, in office, background movie",2025-05-15
2025-05-16,Interstellar,2014,https://boxd.it/9HGLEb,5,Yes,"paramount+, in office, background movie",2025-05-15
2025-05-17,Top Gun: Maverick,2022,https://boxd.it/9I66y9,5,Yes,"in office, background movie, did not finish",2025-05-15
2025-05-18,Friendship,2024,https://boxd.it/9J4TkP,3.5,,"theater, amc lincoln square, laser, with dante, with justin, with dantes friend jack, a24",2025-05-17
2025-05-29,Mission: Impossible – Fallout,2018,https://boxd.it/9PT4El,,,"paramount+, took two tries, background movie, with roo",2025-05-28
2025-05-30,Mission: Impossible – Dead Reckoning,2023,https://boxd.it/9Qy2JF,,,"paramount+, in office, background movie, did not finish, watched recap instead",2025-05-29
2025-05-30,Mission: Impossible – The Final Reckoning,2025,https://boxd.it/9QycJ1,4,,"theater, amc 34th st, laser, with dante",2025-05-29
2025-06-01,Bride Wars,2009,https://boxd.it/9RAKtp,4,,"prime video, with kaitlyn",2025-05-31
2025-06-09,Lilo & Stitch,2025,https://boxd.it/9WCCZB,5,,"theater, amc 34th st, with kaitlyn, laser, kaitlyn sobbed, missing roo",2025-06-08
2025-06-16,Dune: Part Two,2024,https://boxd.it/a0Xrxz,5,Yes,"netflix, with mom, with roo",2025-06-14
2025-06-16,The Phoenician Scheme,2025,https://boxd.it/a0WB7f,3,,"theater, amc garden state plaza, with dad, laser, fell asleep",2025-06-15
2025-06-24,F1,2025,https://boxd.it/a6rtRr,5,,"theater, amc lincoln square, imax, 1.9:1, with steve, early screening",2025-06-23
2025-07-10,Inherent Vice,2014,https://boxd.it/ahnbod,4,,"theater, lincoln center, walter reade theater, 70mm, with steve",2025-07-09
2025-07-12,Juror #2,2024,https://boxd.it/aiLoHp,3.5,,"max, with roo",2025-07-11
2025-07-13,10 Things I Hate About You,1999,https://boxd.it/ajx35l,4,,"disney+, with kaitlyn, with roo, kaitlynreview",2025-07-12
2025-07-14,Superman,2025,https://boxd.it/akqANF,4.5,,"theater, amc lincoln square, imax, 3d, with steve, with justin",2025-07-13
2025-07-19,Eddington,2025,https://boxd.it/ao5t3T,5,,"theater, amc 34th st, laser, with dante, with justin, front row, a24",2025-07-18
2025-07-27,Oddity,2024,https://boxd.it/auDTTj,2.5,,"hulu, with will, with roo",2025-07-26
2025-07-27,The Fantastic 4: First Steps,2025,https://boxd.it/auGTJ5,3.5,,"theater, amc lincoln square, imax, with dante",2025-07-26
2025-08-04,Top Gun: Maverick,2022,https://boxd.it/aB5y2t,5,Yes,"theater, museum of the moving image, redstone theater, dolby, with steve",2025-08-03
2025-08-09,Happy Gilmore 2,2025,https://boxd.it/aEIdZJ,1.5,,"netflix, with roo, took two tries",2025-08-08
2025-08-09,Together,2025,https://boxd.it/aEZQbn,3.5,,"theater, amc 19th st, laser",2025-08-08
2025-08-10,Barbarian,2022,https://boxd.it/aFt4J7,3.5,,"netflix, with roo",2025-08-09
2025-08-10,Weapons,2025,https://boxd.it/aFU7vh,4.5,,"theater, amc 34th st, imax, with steve, with farrington",2025-08-09
2025-08-11,Captain America: Brave New World,2025,https://boxd.it/aGvfRJ,2,,"disney+, with roo, took three tries",2025-08-10
2025-08-12,The Theory of Everything,2014,https://boxd.it/aHygB3,4,,"netflix, with roo, kaitlyn watched for the last 15 min",2025-08-11
2025-08-15,Red Eye,2005,https://boxd.it/aJBdgF,3,,"netflix, gym watch, treadmill, took two tries",2025-08-14
2025-08-17,White Men Can't Jump,2023,https://boxd.it/aL9T2d,3.5,,"hulu, with kaitlyn, with tim, with roo, kaitlyn fell asleep",2025-08-16
2025-08-18,The Naked Gun,2025,https://boxd.it/aLCEDV,2.5,,"theater, amc riverside, with mom, with dad, laser, matinee",2025-08-17
2025-08-24,Freakier Friday,2025,https://boxd.it/aQ07AN,4.5,,"theater, amc lincoln square, with kaitlyn, surprise celebrity appearance, lindsey lohan sighting, laser",2025-08-22
2025-08-24,Lurker,2025,https://boxd.it/aQ8nxh,4,,"theater, amc lincoln square, with justin, laser, q&a, theodore pellerin",2025-08-23
2025-08-25,The Prestige,2006,https://boxd.it/aR5Qit,4,,"disney+, with roo",2025-08-24
2025-08-28,The Roses,2025,https://boxd.it/aT0A99,3.5,,"theater, amc 34th st, dolby, early screening",2025-08-27
2025-09-07,Dazed and Confused,1993,https://boxd.it/aZJMeT,5,Yes,"netflix, took two tries, with roo, with kaitlyn for the second half, kaitlyn slept",2025-09-06
2025-09-22,Apollo 13,1995,https://boxd.it/b8Pecx,5,Yes,"theater, amc lincoln square, imax, with steve, rerelease, 30th anniversary",2025-09-21
2025-09-29,One Battle After Another,2025,https://boxd.it/bdaZ6z,5,,"theater, imax, imax 70mm, amc lincoln square, with steve, with justin",2025-09-28
2025-10-04,The Smashing Machine,2025,https://boxd.it/bg2oKt,3.5,,"theater, amc lincoln square, director intro, laser, with steve, with justin",2025-10-03
2025-10-19,One Battle After Another,2025,https://boxd.it/bpwh4B,5,Yes,"theater, amc riverside, laser, with mom, with dad",2025-10-18
2025-10-22,Inglourious Basterds,2009,https://boxd.it/brUbyV,5,Yes,"netflix, with roo",2025-10-21
2025-10-24,The Queen's Gambit,2020,https://boxd.it/bsJ3DZ,5,Yes,"netflix, with roo",2025-10-23
2025-10-24,The Lighthouse,2019,https://boxd.it/bt1SPD,4,,"max, with roo, background movie",2025-10-23
2025-10-26,Return to Halloweentown,2006,https://boxd.it/buuHYL,1.5,Yes,"disney+, with kaitlyn, with roo, background movie",2025-10-25
2025-10-26,Hubie Halloween,2020,https://boxd.it/buuLtR,5,Yes,"netflix, with kaitlyn, with roo, background movie",2025-10-25
2025-10-27,The Devil Wears Prada,2006,https://boxd.it/buRpY5,5,Yes,"hulu, kaitlyn review, with kaitlyn, with roo, kaitlyn slept",2025-10-26
2025-11-06,Sinners,2025,https://boxd.it/bC4jkn,4.5,Yes,"theater, amc lincoln square, imax 70mm, imax, with dante",2025-11-05
2025-11-08,Fast Times at Ridgemont High,1982,https://boxd.it/bDsa3p,4,Yes,"cable, background movie, with mom, with dad, with roo",2025-11-07
2025-11-09,Nuremberg,2025,https://boxd.it/bDXhup,4,,"theater, amc wayne, laser, with mom, with dad, matinee",2025-11-08
2025-11-10,Materialists,2025,https://boxd.it/bFc1L9,3,,"max, with kaitlyn, with roo, a24",2025-11-09
2025-11-12,Stranger Than Fiction,2006,https://boxd.it/bGdtiF,4,,"background movie, with roo",2025-11-11
2025-11-12,"Say Hey, Willie Mays!",2022,https://boxd.it/bGAfyZ,4.5,,"max, with roo",2025-11-11
2025-11-13,Beautiful Boy,2018,https://boxd.it/bHfmhD,5,,"prime video, with roo, cried",2025-11-12
2025-11-14,The Running Man,2025,https://boxd.it/bHPtU5,4.5,,"theater, amc lincoln square, imax, q&a, opening night, second row",2025-11-13
2025-11-16,No Sleep 'Til Christmas,2018,https://boxd.it/bIV4ud,2,,"netflix, with roo, christmas movie",2025-11-15
2025-11-17,Hamnet,2025,https://boxd.it/bJRpVP,4,,"theater, amc lincoln square, early screening, dolby, matinee",2025-11-16
2025-11-17,Meet Me Next Christmas,2024,https://boxd.it/bJWMIJ,1.5,,"netflix, with kaitlyn, with rose, with marisa, with sydney, christmas movie",2025-11-16
2025-11-22,Rise of the Planet of the Apes,2011,https://boxd.it/bNn3WR,4,Yes,"disney+, with roo, background movie",2025-11-21
2025-11-25,Wicked,2024,https://boxd.it/bPMaFL,3.5,Yes,"prime video, with kaitlyn, with kaitlyn for 20 minutes at the start, with roo",2025-11-24
2025-11-27,Frankenstein,2025,https://boxd.it/bQXuoV,3.5,,"netflix, with mom, with roo, fell asleep, mom slept",2025-11-26
2025-11-30,Elf,2003,https://boxd.it/bSnrXz,5,Yes,cable,2025-11-29
2025-12-01,Playdate,2025,https://boxd.it/bTxxtf,1,,"prime video, with mom, with roo, background movie",2025-11-30
2025-12-02,The Martian,2015,https://boxd.it/bTYLU9,5,Yes,"netflix, with roo, with kaitlyn, took two tries",2025-12-01
2025-12-02,Champagne Problems,2025,https://boxd.it/bUmePj,3,,"netflix, with roo, with kaitlyn, kaitlyn review",2025-12-01
2025-12-03,Write Before Christmas,2019,https://boxd.it/bUVYEh,1,,"max, with kaitlyn, with roo",2025-12-02
2025-12-08,Wicked,2024,https://boxd.it/bXWJ3p,4,Yes,"paramount+, with kaitlyn, with kaitlyn for the first half, with roo",2025-12-07
2025-12-08,Falling for Christmas,2022,https://boxd.it/bY0phz,1,,"netflix, with roo, background movie",2025-12-07
2025-12-10,Catch Me If You Can,2002,https://boxd.it/bZvp4V,5,Yes,"paramount+, with roo, background movie",2025-12-09
2025-12-15,Elf,2003,https://boxd.it/c2V74d,5,Yes,"max, with kaitlyn, with roo",2025-12-14
2025-12-21,Avatar: Fire and Ash,2025,https://boxd.it/c93IKF,4,,"theater, amc lincoln square, imax, 3d, with justin",2025-12-20
2025-12-23,Marty Supreme,2025,https://boxd.it/caYaU5,5,,"theater, amc lincoln square, 70mm, early screening, with kaitlyn, a24",2025-12-21
2025-12-24,Home Alone,1990,https://boxd.it/cbUkUP,5,Yes,"disney+, with kaitlyn, with roo, background movie",2025-12-21
2025-12-25,"Definitely, Maybe",2008,https://boxd.it/cd77Kx,3.5,,"cable, with mom, with roo",2025-12-24
2025-12-28,Hit Man,2023,https://boxd.it/ch4Bup,4,Yes,"netflix, with mom, with roo",2025-12-27
2025-12-29,Jay Kelly,2025,https://boxd.it/cilvbp,4,,"netflix, with mom, with roo",2025-12-28
2025-12-30,Limitless,2011,https://boxd.it/cjwl9T,4.5,Yes,"netflix, with mom, with roo",2025-12-29
2025-12-31,Wake Up Dead Man,2025,https://boxd.it/ckN1qt,3.5,,"netflix, kaitlyn review, with kaitlyn, with mom, with roo",2025-12-30
2026-01-01,Knives Out,2019,https://boxd.it/clOISr,5,Yes,"netflix, with mom, with roo, background movie",2025-12-31
2026-01-02,The Mauritanian,2021,https://boxd.it/cnfkzN,4,,"netflix, with mom, with roo",2026-01-01
2026-01-04,Is This Thing On?,2025,https://boxd.it/cqTBA1,4.5,,"theater, amc lincoln square, laser, with dante, early screening",2026-01-03
2026-01-14,No Other Choice,2025,https://boxd.it/cCYAz5,4,,"theater, amc 19th st, laser",2026-01-13
2026-01-17,Bugonia,2025,https://boxd.it/cFyW8v,3.5,,"peacock, with roo",2026-01-16
2026-01-19,The Secret Agent,2025,https://boxd.it/cHYOZV,4.5,,"theater, lincoln center, howard gilman theater, with steve, matinee",2026-01-18
2026-01-21,All Her Fault,2025,https://boxd.it/cKonUJ,4,,"peacock, with kaitlyn, with roo",2026-01-18
2026-01-22,The Sandlot,1993,https://boxd.it/cKKmNh,5,Yes,"netflix, in office, background movie",2026-01-19
2026-01-22,Punch-Drunk Love,2002,https://boxd.it/cLlDbj,4,,"steve's apartment, blu ray, with steve, with dante, with justin, the shelf",2026-01-21
2026-01-24,Train Dreams,2025,https://boxd.it/cNaO6F,4.5,,"netflix, with roo, oscar noms 2026 marathon",2026-01-23
2026-01-26,Skyscraper Live,2026,https://boxd.it/cPuFnb,4,,netflix,2026-01-25
2026-01-26,Black Phone 2,2025,https://boxd.it/cPPSUp,2.5,,"peacock, with kaitlyn, with roo, kaitlyn review",2026-01-25
2026-01-27,Free Solo,2018,https://boxd.it/cQvc5N,4.5,,"netflix, background movie",2026-01-26
2026-01-29,Sinners,2025,https://boxd.it/cSSrJn,4.5,Yes,"max, with kaitlyn, with roo",2026-01-28
2026-01-30,The Rip,2026,https://boxd.it/cTBl3v,3,,"netflix, watched in four parts",2026-01-29
2026-01-30,The Great Gatsby,2013,https://boxd.it/cTK57f,4.5,Yes,"prime video, with roo",2026-01-29
2026-02-01,The Perfect Neighbor,2025,https://boxd.it/cVgxeB,4,,"netflix, documentary, oscar noms 2026 marathon",2026-01-30
2026-02-01,Send Help,2026,https://boxd.it/cVqQGT,4,,"theater, amc lincoln square, dolby",2026-01-31
2026-02-01,Memento,2000,https://boxd.it/cVKyWT,4.5,,"peacock, with roo",2026-01-31
2026-02-02,Sinners,2025,https://boxd.it/cWw03B,5,Yes,"theater, amc lincoln square, imax 70mm, imax",2026-02-01
2026-02-02,Jurassic World Rebirth,2025,https://boxd.it/cWPmSz,2,,"peacock, with roo, watched in two parts",2026-02-01
